feature1,feature2,feature3,feature4,feature5,class
60.726481117836286,38.0537005421049,31.042729394194723,74.91180755654173,69.51159799751791,A
97.89716947788416,99.93545540683772,13.394103361250432,24.3456446416633,86.22363289053098,B
76.42586521111203,33.21599136460597,5.8883520561242575,19.34219972491249,48.152259165946134,C
38.094003367727026,93.86824311727021,64.26659627287806,71.05120928519877,44.294094003904036,B
86.25717243983532,50.34221172136321,1.3335294491072736,18.163997649718176,47.13164086790107,A
49.9643882189716,0.30287583841247523,58.80862128720228,41.778631308783645,69.56625726505898,B
35.614411248434955,93.15982552322606,45.2535209616001,19.877564140338787,78.78949424668339,B
75.17663922579703,71.75997259809017,48.44701588332405,68.31465231783196,63.109895151888686,B
26.69437946631229,79.87526707489033,78.01315368463938,75.74994883265032,82.90428738745094,A
12.84405041226191,55.169890064453206,62.811975726950706,90.95526591860981,50.12498453988324,C
31.112381928058397,43.500270025301724,38.5636728748259,35.16265818139806,9.58507555855137,A
59.59369681274562,41.78740995756899,33.960058414947056,35.82568830844184,80.24205100340505,C
24.50429005388186,72.46083656505981,78.4894586270139,68.28804357203097,25.907813896353527,C
21.2294866370207,10.85828496384723,73.61204070246059,25.135841168170646,22.64927691820562,A
44.36441995457403,95.43414120586195,5.1716306831760654,77.57182616463759,3.360491783717179,C
25.80361190695395,11.710303628878815,87.31791039100781,61.640872243852975,84.67721958777913,A
79.73378308281323,16.203657694672323,20.704661883161545,84.60014606429571,52.537656418045906,A
84.13458204242565,93.97965052892422,8.671189808395052,72.25212663772412,26.054857617703465,B
26.11990845584402,57.55382163952465,90.32903542477607,83.07178555748297,4.505204539504892,B
0.712070487956673,54.31263219137906,55.444887181023425,20.95760442384711,36.31369818118909,A
69.46794298169984,58.414941233916565,31.948441757284318,23.395992311349,85.15005156526261,C
8.261186511224716,98.08295496536762,13.094093648492889,60.814054229662304,41.251496372742615,B
90.59539418563759,65.59446408695243,45.37240789382321,57.34936079387856,94.3298899329322,C
14.828246861155648,50.123458239928695,5.970846696725629,55.78857150177938,94.4718012747593,B
84.97131710563103,24.061544250067612,74.13611687485525,42.774411579559555,71.84072234772889,C
98.8891798314812,20.984729670427882,3.023397353694013,13.101855487464531,66.75712696137902,A
37.790024677685594,55.5554227495422,90.61205380199345,23.488359030312356,59.10047544789072,B
22.87210196928727,12.019785130354311,86.98885183217074,1.559618516219441,0.2769673145993967,A
3.6399458865164713,16.703994487177766,56.99240574826333,83.32104683003917,24.170875488374865,C
46.75453716023333,48.05338475496532,90.65087582386498,11.456588807857592,81.81696640713264,C
62.86541627439206,77.93812758344744,44.6453050462854,69.02326817080825,51.44508701596504,B
22.28088338706925,62.05119188033294,46.64683638373109,16.622120867434354,17.49828303547396,B
44.52339179882642,47.68506556529063,15.931771679743123,88.08663990959748,30.611117052848435,A
89.20940872354251,12.90619760324283,64.72607166142359,13.042388102379764,31.192494039354514,A
1.4305836792198323,84.1470011495771,86.40814460936606,39.57373130053,74.56667057126941,C
28.166461535543707,45.23512986749283,23.994837535815016,57.6750551457744,75.34338037343583,B
38.60364213766041,49.701017094442726,94.59160624353693,52.465279069086,63.88882702242525,A
95.26996248618825,15.67043051904995,17.85949050552974,60.72179016508211,95.43811594023587,B
15.903319261427018,11.348680532080536,46.302446283863176,61.162934384521364,20.9018716625301,B
10.04559515544382,88.21538419893629,45.47637102499995,75.95176022682209,30.47734097239886,B
8.002546243400843,32.0143096796202,56.966070369745594,37.48093701156272,6.296013888373519,B
94.3621402848647,29.42668266673394,74.43288366747555,26.851544042320906,88.16247799161005,A
87.54480522542276,28.93031077776598,83.73770511402833,31.217957104108297,26.379361872641706,B
90.13541706323652,13.063363010999385,93.27074390032399,29.047522996300767,52.06789760471142,C
42.44036246756475,28.758920192377847,26.358918404823616,38.953921205966125,61.13522713810102,C
4.784778126230426,69.28757532254942,62.434489610870955,4.965222354954168,59.46751708522473,B
9.79400909776974,36.257010685008915,27.22011459108673,81.8207486114618,45.575880905206965,B
50.284450862388056,39.63757795791527,21.10556149442393,29.003226900468036,56.097488588833336,B
1.7340646724354647,97.45487491493253,85.98994739683174,16.723814789156798,30.310308255555086,A
9.972485292606114,13.932695960306663,13.178752552327232,52.469647694130316,98.07470297293112,C
67.12227306179012,76.25593851278265,90.12554891376402,78.98938816119467,51.37582971023178,B
15.773156566856484,84.2724885484617,11.38287654201784,34.10064359890834,85.10908147311854,C
92.86033426866598,79.89773223155325,96.21034801965912,55.325753369739694,4.17117149748022,C
72.79229257443231,33.02508804803561,37.18944148312882,33.56806473548478,27.227305237214374,B
97.64796094634154,16.60118742721316,6.12882353165467,28.33401191901743,23.046396578748517,C
2.871397371296236,93.23993391678042,63.9300950494372,85.76699543961688,72.49600334773861,C
43.92793046260106,96.44562496683325,33.45127034768255,37.79551341044104,74.62856912567264,B
41.36894770181478,42.35279868683143,35.67794056029023,59.88586300137905,24.61690458775726,A
43.641900544984026,62.25301738288055,82.6652309669071,44.03608661252883,4.312502743296342,A
27.045647621855817,28.051547309494783,96.4551817275177,72.12034279012211,68.56947189871309,C
37.820305770089,99.4052504232197,39.36335289765096,32.44171002093357,58.57245235575499,A
44.87151255310911,39.20763476913392,80.19177856524887,96.75889069789875,85.96592479726988,B
83.37525762549267,22.551921881956815,67.59332901522444,46.078817434148455,13.914093135066686,B
55.28141123808646,95.10224755486463,84.90450298686854,76.39447734327447,61.28547850273289,B
25.54255737570027,7.390935506680918,78.6918214480457,87.32493802075234,93.17366702820185,B
54.58073963839869,54.1169159840605,54.70745143689426,63.80821543298335,36.97753233262421,C
96.18827429493716,94.97789300992054,3.802301921502249,78.4244185734414,95.6752782643645,C
22.86927027008623,28.958826159191542,86.0090198317545,88.97020984465698,44.19410803278393,B
1.5505509939621298,95.44767604405463,51.57774678515911,32.96389939330637,68.58277780045098,A
63.54939995137763,69.92072158924589,86.95175875058128,5.7600359123377025,54.27566490733702,A
64.76080631226264,70.55763184067739,7.878055529979388,68.52295708545117,76.95048150478675,B
13.404570621615807,60.21336030803035,39.03928972798645,25.098550755546214,40.86518868761739,A
59.75937261413152,84.98410214960582,68.82960211843687,35.52381751641597,15.291968166848902,A
3.227084186778717,67.60099966067023,53.55652010620637,86.17886553000584,17.090801987396787,C
77.7273817249275,25.429742348461804,90.17503502788668,6.523912518174835,96.6616312949809,A
52.996717050866735,19.893991577686986,60.822380255847094,9.570774126515802,24.503413306203992,A
17.210926235250735,49.566373116474,14.870403719691428,94.78085239413322,82.34680284709337,C
10.112536608831102,76.85348140365818,49.693914531009696,72.8615371636913,73.75406547483497,B
70.7914766851923,2.7915036804861293,77.52989936050913,73.27512576598443,13.274533985870928,B
7.551073323691337,97.16408483649218,99.86526160195699,22.59734109824343,81.12751562618801,A
49.307282530999494,41.932828354259364,36.23787631361001,39.87451809696944,69.16557225219107,A
11.636657105475912,8.569268392906404,58.481859870848375,52.9990316226466,50.75319671022359,C
56.46222626569496,52.36205768763917,84.97922051727026,75.00160790252129,22.852128151493556,A
13.12781562406139,19.91651985646088,87.36774919889993,47.55588861273804,18.82634264207017,C
19.10725765907091,35.30984017010398,39.14742349049427,67.88474524464391,59.5248612051824,B
61.202200842254804,20.41310679077728,64.8979930087134,84.1580244284982,77.6267163335203,A
75.97434129128122,32.49751387933807,68.20059850233952,60.810743610976424,30.747736728232944,C
49.481330094061825,39.032225237048955,58.87682163409281,36.088174871932544,74.71056309511252,B
41.324895810111414,98.20700574990599,4.9038520427257986,53.82117265705762,16.96307388931154,A
13.714784650799405,46.39662803996046,89.69692779449029,42.60850666308264,78.83283860833578,A
64.02870441990268,40.41326299288378,5.223780145488755,0.04474037393936703,98.18678938194472,B
72.21807929761918,49.01202936610629,79.04767620124943,70.49972652961627,67.60661553209252,A
74.57765903223657,35.62964001846572,32.593063952912914,75.21205917250819,51.27188490776098,A
48.46291916222736,77.74169647970768,56.175009555458445,44.774177449342524,67.67992468014312,C
96.99915034944297,37.8178344037439,28.1807716900359,95.24255581573553,88.02660625543903,B
5.397049156608558,80.04612726501858,77.32624638822217,14.251006888495377,9.934667314039626,B
38.36716360057149,45.04111848582204,28.041776957846853,8.878035006167984,41.140175834559024,A
1.9075160394962265,68.99353020168877,69.10172882706473,70.95475724697302,80.98301028600665,C
28.452205465796066,45.84597610788541,93.77705127411558,57.35988028714928,96.80535850640504,A
14.954517274747925,32.958603511640575,29.931840544705956,81.90904587415169,43.93888394491475,C
69.53482344699424,5.84225230947194,75.71857788650394,92.28415474901547,55.3767238736569,A
30.765582591239983,87.4066590856446,77.24697182927488,42.240849483099176,38.80591509429573,B
18.57479167585585,65.55450146253445,13.370035070473985,6.932024444493512,85.79007604083408,B
79.12766418532725,32.979144309557476,56.80507831924295,46.53223082001251,85.02133634018189,A
17.14833752125586,31.82735250442217,95.41823608224783,83.90794721930351,16.455368995859033,B
40.40594521352274,29.618882922477454,18.878615613762218,94.8370080808557,49.073897063104546,B
11.522263392904131,68.24900735856674,20.753083880257396,8.123083641923913,39.81996565478102,B
27.279546222677443,8.517666400442481,71.93830463725864,2.505990241733269,81.0036340899594,B
39.40023214880433,23.563991098485193,21.66752998116853,54.800293843227536,27.204538230172105,B
98.89710140430635,89.40640019632077,2.984825635663313,23.369890953351423,24.60320909639233,B
76.54049644008492,17.214041111042235,29.884437830411613,90.79207515892486,54.78305104123571,C
32.64575285375874,18.15000627315856,43.68535183246567,32.37265426521766,76.29583247016512,C
66.3333519720414,79.9682433370524,95.85992910093313,57.65858298775025,94.31406527181805,C
6.6143096944886075,0.10513046771887247,62.717822923349644,17.394224838424854,19.05590870755798,C
75.59078454299568,0.04794774453237283,53.43955468987214,72.33636668248631,56.86075760895712,C
63.71494681854897,94.64213985520638,35.248029573060435,92.18779888331206,38.58305153302619,A
42.48217385188953,15.225013772441898,95.70692916420059,44.60765731988041,38.157193975851456,A
46.325695816226045,74.40343842901342,89.58035561193945,32.743860971354785,41.080997801406625,C
65.30323202785631,83.12082123607138,26.96625058042622,72.55406244659619,55.26990158921947,C
13.050187421668703,88.01748051796395,18.369284907307993,15.525719455922138,31.15818764826748,C
1.7912336861980793,60.19234627189643,51.92641701236214,75.58508761147853,72.62087392502139,C
41.143042547878096,53.319800264791716,96.37224818670073,58.52990361435526,12.542737893547585,C
65.14793349657991,13.080615495919744,14.5450641684448,39.34268614695543,35.92857017896277,B
89.42015718005707,5.351944825446042,21.900974971407237,67.27473305341526,78.40619897520487,A
82.26807390194601,26.84535508248116,20.532509097681594,78.47236178145137,6.263154789111914,B
82.76312350104459,9.64958007775949,73.92939470919096,27.535202321642306,65.71589136084522,C
56.85186797101595,85.11543240449068,73.9969627262446,77.52212720834409,85.7221847569633,B
11.971034456157758,40.91994152441768,16.64034466387433,24.298537180134193,21.803025874320138,A
13.338171708946756,92.46256721073843,37.05066203669669,42.62357521965334,18.443314434697978,C
86.13994683757547,41.32661665882169,58.45058895197559,55.941204475380616,9.126193284746176,B
27.92120248820471,54.33089840938173,21.040398522165514,65.15304567846792,71.46854051156818,A
89.85255519718139,91.11678066696737,33.63578938242986,19.337732544685558,86.82631024228868,B
31.350353412393194,15.938776360462715,26.80821293520306,55.13337386660457,99.39230291871583,C
93.0109857290095,76.59557284790834,32.519628295401326,31.35871066756213,76.49893015895427,A
86.79686400019297,5.529456161637791,70.59192685921012,74.66316642050244,93.51989184883392,B
27.839364193171967,18.73189732619768,46.37300649446572,39.95991246863744,20.53610696820174,C
60.90467507795525,57.144685691979106,66.7925231138244,50.682108996346464,89.03954759416386,C
13.978692422235639,20.190594994897438,31.018227682082177,39.716140441940304,51.879787967935286,B
75.65550434290166,71.5830186548552,99.99545145166472,81.08033428741027,56.65032455777494,B
93.10148651608758,75.31054097352265,15.744250322440879,19.008890561908622,86.10378649612494,A
33.4820751878242,90.90785290994049,11.501237403795628,34.53689230480349,46.31891462590282,B
29.10208460568552,34.68814604083593,34.94740274817908,11.281162042962322,84.97251185707965,C
92.80644041906767,6.003153539703399,74.40245837098858,83.80498506657092,97.82218737108408,A
8.396498561758703,49.028638237364994,69.66332571556443,20.563308203292475,20.225110656819123,A
28.873827884235613,1.853272614921797,76.62449142154954,84.46281593877558,21.571180184241612,C
70.81704779954117,50.81163991026011,0.43362389842298565,84.89395002362996,9.47529503701724,B
93.55794053550619,75.37640699824897,87.1879531365781,8.922655896865239,47.03834194027603,B
6.301236301841051,80.30342953836393,58.865845984641375,92.33446489520342,41.267100869277364,B
86.53172979220145,62.73755240496146,69.9144750162263,99.36731271072998,36.755908046632314,A
88.1189719389884,17.908810064569845,71.37220187114795,4.428875839834657,53.98353183437319,C
7.816961783060828,28.513535396643686,38.8718634392604,80.58333273390421,55.94317519097979,C
46.71589847023632,68.08298032220922,48.576288303749635,54.49850207972806,68.69635273703378,C
80.85152994603988,47.144442473998325,80.30637862462969,93.32847159211526,69.10534693004247,C
87.63107991111934,68.74481185749917,73.96653268526347,10.866580175432505,71.47763817180514,A
85.53074977790067,47.076790549591784,16.634931714222002,84.77102405289251,14.15994372551943,A
30.409398129475417,0.7166655080203754,51.21788433765321,84.71637995353097,76.17196610180413,C
63.66581424892369,96.57352696106281,89.66004221377537,29.208038346209097,68.33446684007436,A
58.92546888088875,19.57474961220821,65.05747220469463,39.30416240939577,19.916337291380426,B
94.55923759731576,32.69886969029972,13.418098114051148,40.77676850040079,36.81958869184212,B
79.60584864180275,3.7714510361453346,67.1759021602816,31.953226460949345,4.806075608390614,A
79.45530119667413,55.47661928538221,93.7731281135086,58.330418181440876,53.6648746735097,C
58.387946328030026,60.568839179825076,95.30761824312101,35.13304194530817,28.69028520546133,A
76.40600053005416,8.193323484875348,47.19316985321122,17.277963514323158,57.70912118407937,A
65.79234314801128,26.86523681274745,41.00412372050645,96.16944599062165,63.35364795117498,B
31.902204168476768,37.21792561674175,36.92508547598273,69.9874055803317,13.2082889578766,C
89.73717270898464,91.49061617476238,44.018176052427506,78.55583341795243,85.15272494920971,A
66.2258009957284,58.87779902945549,30.612839501271626,40.879575503498735,77.83726346603478,A
77.94904982332808,20.247417569614502,35.10932551583906,23.611570058610653,21.983319983707784,C
31.08802689389165,8.268286785803113,81.07395411798363,66.04240541099962,16.727638111827623,C
32.90038349028962,76.28616076467235,49.038159255398604,87.9326168604789,98.79845509869669,B
97.41294514009454,68.70897068696334,91.97799919311643,99.53089291356427,28.173078720505394,C
30.216277452153605,68.9005863074568,54.29902208137122,53.41534054566625,39.44936676893603,C
15.027453307760785,15.179765942520863,86.23170782859084,91.2009512890059,37.671284235510484,C
92.50471327933933,7.19448334287256,4.2963351424829765,5.036445683545876,27.04021590321434,C
71.94483085088625,76.07114851552774,95.98281662488233,17.44886878164429,21.03753862509451,A
47.265991887582224,73.69898640953771,1.7380225532840021,40.99323999643509,19.111250482340235,B
46.68776859881344,2.3961629106816984,60.47294904258776,46.949356968763404,24.53817193254646,A
96.58771992940733,73.44586068298074,49.661478822330295,37.28480862723982,30.935547428828237,A
74.45258229897338,44.720140553784915,26.231851661230998,78.90052671535966,21.427527875740747,C
5.579083050564792,89.8493799203021,52.385920620942464,41.46612737276999,38.04123045282939,C
94.8926705298536,93.78272763747549,48.23794531805776,45.01891254074866,7.745938550123821,C
66.89718701297467,61.62777830664052,76.05655342572453,54.761491106041184,85.48986631539849,A
62.925671179169726,80.38850740344137,73.6778747879455,26.507615244876824,67.61895491440877,C
97.46628818924668,18.18317415264563,80.48548724112837,45.9528840966707,76.02162060603662,C
37.38678053946276,94.77045725189905,16.956036497643435,39.57214215490104,30.626919512972815,C
66.47653290839874,21.153453673240953,53.22269007393915,81.21015487468416,95.14164352753123,A
87.21141852043598,36.51913731040711,11.130066441157648,66.77701469177232,1.6668805887477767,A
59.085157470165164,22.626625877681505,9.03401107899705,18.450160063506218,76.17382487186038,B
25.850772557208025,58.32171400132261,10.864586739417303,72.67970810812072,71.42618856764533,C
48.0997629681138,63.68222061771439,48.9055331667393,20.168140731620564,66.30969065172363,B
90.89464029545903,51.0622153205582,5.91990775386626,11.892086611861806,78.3987840396649,C
92.7352924432515,11.059925709025043,8.831237825751092,89.64523255629261,32.03815965957284,C
5.405981145133564,76.77512943750622,62.76794134489374,30.314557194556947,40.50578724388786,C
5.63737894290356,65.53770782054248,75.78888459091316,80.92464876826338,25.306383474356263,A
5.641070879682997,76.72744386365568,64.39201109607818,91.2924822600602,87.05125246285442,B
67.76202123254308,31.085363806673282,82.0755833935028,59.99413791364982,19.276672514214212,A
77.94421149295972,91.63748747265265,28.855624933546554,90.64986778059267,40.11633070691576,C
33.79818956095812,29.08376884678221,26.70571388448222,94.14231783438373,68.983172945178,A
72.3016997758004,88.61402070269338,44.089294764105944,77.41222641456459,96.46890379960644,B
45.003461365647205,59.28736930803778,84.22814548226411,71.29335037498642,95.66857531029753,C
28.988781355110227,76.79928880674258,81.4135080907852,61.79989519273521,27.763517858192422,B
8.086696611498867,98.62039525790487,28.544907820346243,72.46725418085835,61.552753066864256,A
60.18640045045809,58.5461046414815,50.104215042698776,37.29371588059502,55.30891627034782,B
92.46360998647548,14.14524883604259,47.143949773725346,62.15642295159516,26.162403506414645,C
26.45967421847163,95.20310210329805,69.53227399731557,40.203456191521965,56.92052064768147,C
87.5576938618461,4.784642624194624,9.340248978421117,60.08020466097172,41.35043219627863,C
96.12919248810248,19.438883219655512,94.07091655548814,71.41857967192728,23.41745206164465,A
35.077766416353796,17.173511323390965,28.846236977249685,70.4660361477384,54.689324495755976,C
48.65276189769102,57.906094519419625,1.2265278734319374,29.765567006339445,3.640073146558176,A
15.042431123705624,13.0048604380675,35.88045095985607,3.2988150923158766,65.45237098863251,B
57.70077777823527,7.590384353092716,31.523268700429753,62.087181108154695,63.50480581736817,C
51.43070550333757,98.03591400951103,28.543494430697447,4.299213780391864,99.82171980951476,A
6.473825912404029,66.93711362276382,30.26408437313972,82.06702649246296,35.934413762440755,C
70.91668866166462,76.90295238043316,9.925736739234514,64.6654038049214,77.78320712426013,A
20.77931216808244,61.63225552716788,59.66681498265631,51.46597543596069,58.03723861043366,C
57.29680897869397,57.120053406508006,86.43257594890598,75.01360161442629,71.39100884345274,C
29.746842641523397,93.82271424115606,24.07541454887059,71.30674051639339,14.75770800231312,B
59.78906032381399,51.73962581182883,52.07008101767635,29.679558802316976,4.957029123609069,B
36.46076057472172,30.858502693706935,7.83200091369477,80.2200532521078,93.88479520978251,C
74.6585867038467,56.61656455563925,87.2856505233481,5.114788548645843,2.725491041553707,A
15.905852580194423,25.780914936236677,54.5690861658429,29.829603047869846,7.553672215979534,A
96.43806791206538,2.3267536879416406,30.5313597006425,90.7419121249161,46.42736467639731,B
10.054086601211342,95.8742455535755,95.18420131286274,87.08159326258277,77.38455706722903,C
62.76040288055567,19.511351055881534,24.90361405755155,8.193432333845651,66.79588619688369,A
11.019191408479301,74.75115029711664,31.03575396507071,58.15181279983681,21.331827368068403,C
72.87846459901948,95.07349899766373,54.77068185713192,39.146073955161796,93.47652887896976,C
52.84484478468533,44.59754031930409,67.65518132202911,42.695386269587146,32.84637651737208,B
19.426422782754116,75.09938114674794,66.87214224941688,44.895631421966,12.063613666984253,B
82.89634954212983,39.31157206016983,6.181202848052125,70.70375000274348,64.47548354599975,B
41.70703330215573,93.17134929330393,18.272598732382818,20.9110540544733,40.39713620069306,B
90.22133128526818,91.06632329153038,26.757121227758695,53.5732517760907,14.416093097227023,A
59.65069264782754,90.9830731754374,30.52922061920199,9.534178583986607,19.694771349750805,B
83.14745322961494,55.740915743327626,79.84639288516348,97.10245688862918,13.761445426543107,A
44.39912798897433,80.96590730740552,46.10351880146523,73.67650350693822,26.724807864364596,C
11.322018327842153,56.997656097155904,16.629647628628607,4.789140507017475,17.084923498211545,C
58.679957729317,76.22469332376905,58.033772764718805,93.84032349564959,30.32635414475252,B
28.22986663001147,80.28660220330673,42.95088736135582,51.822541200582464,80.3568958817481,C
27.19465886526635,56.15055005335905,37.087299454124654,58.26409239053859,19.956408671053715,B
10.861173523722268,39.68865645637288,56.83593340458112,15.644419897819128,97.7714488232083,A
61.890055601619174,8.317390486692023,35.5999131482819,23.012559202834638,27.727706491951142,B
8.212339167592175,64.50188663409625,36.386378676848544,52.30127303889639,88.65508450450652,B
58.11809704923003,79.86040214183096,12.438037999457109,95.39865742964776,96.63629329301901,A
83.0352282779365,52.51282007592894,28.372064317072777,68.39243000573855,18.70932145061537,B
91.78181445827198,30.784010959518014,97.50283943364772,3.8952696525281993,26.028690590171564,B
80.78312425841199,8.437345189892763,17.969695400944453,77.63711652507014,62.7683598567801,A
98.3563166988599,59.77708314110407,13.408255845559648,38.75605308499557,88.4425340216055,C
21.337195976839705,69.10315043826567,28.671934567810165,78.68871455275658,94.20745911400445,B
22.130292532008156,60.361126404867235,47.97816392543181,44.344199498816536,46.94293037811077,B
89.8762257844399,97.59546652558296,76.08611325880393,97.02628526808546,88.8499135801755,C
23.67185940603442,88.93663271658755,5.044866488072087,31.36832542996317,15.882770340286868,C
75.7631476132406,65.98596542695712,49.37145896224584,78.97495282365462,69.25952178445954,B
89.85361204200501,51.10742862651085,25.441461589340587,3.078249092339036,34.84699001659687,B
92.23329864984257,45.89035671143344,29.20600719748031,44.71615316695075,84.06555586333336,A
58.58223700623353,70.1536042969144,80.90712936997835,71.62876155010052,57.20238595935929,B
67.61341799030683,91.46880943601377,23.08101054820436,90.33361186484802,78.21858792739998,C
11.422346185551858,50.270203936933136,85.36843762424367,55.360459960211806,1.2580151689300378,A
21.912860984848304,9.064640041620308,45.818197586746045,56.20444385149376,82.21226610194829,B
20.72695960678538,96.22503273806274,69.06902332240851,57.8558222575179,29.74054133318097,B
4.205797146107882,9.103504782429983,77.64773717177721,30.320166201792574,25.067431042737663,A
42.831958528656855,93.1340219986565,51.73763833600855,41.894825236916965,25.73725591506917,C
75.09793669856244,19.728610800781766,62.90149758080569,29.227650947996786,58.743762819707925,A
45.451121265417186,31.470166300562894,83.40546944562473,53.42679682655713,37.47510261410398,B
6.704456850932439,42.973940127312616,95.28013294042235,89.11715138906524,28.187445644248367,C
6.454154471094431,47.28334771778919,5.72098452372416,47.32185734090113,83.02437906324494,B
78.5149838783609,57.72186229012751,83.3337825509158,40.96314815189357,13.448267554311444,C
48.88419142485155,20.84718166971733,72.29173642994769,74.30375360509964,7.074358867045493,B
62.15469058041677,6.307269957250583,84.68950061294316,2.0545004199075345,20.23707546841047,A
6.861708579256842,38.09701393593857,32.741365371914945,97.29992831233464,70.12087715673604,B
27.086489054463204,5.465918994134578,38.26148326446047,20.739413872455735,38.3672869059938,C
73.36861323854524,12.088895036081892,34.78462921077307,43.56446282759566,2.368723126535044,C
49.05130316340377,16.265726253274337,54.92132361092628,57.73646285305198,34.54370639131265,A
68.29436943074053,46.66734336618015,98.21074192823747,15.183591913255922,92.39628204875312,A
78.62120706284735,98.91271208620425,82.73081041594556,54.774512764126435,40.06214809440436,C
90.40061130429831,65.92333051511702,64.9436725762612,40.082753013578454,46.56087122523097,B
73.90588322347912,85.28573124297293,30.110507565692014,91.87049659552943,84.99860624828884,A
46.82457240243226,36.10123753096719,41.212907322277935,39.196468203901944,45.274777377718046,B
20.512980980417783,59.29660281211494,96.56563309929803,8.980746024087216,41.862500433689576,B
77.95513326454035,98.93221166382938,66.34606470684528,63.65245418897597,61.44576261878386,A
98.6614131803201,50.00012460683537,21.97498076961555,66.11572459582848,79.16522096629231,A
66.85791879773056,11.705391733853155,17.405484014350836,50.015664218865595,1.0453292764308952,C
3.6932663761702123,64.82591794397838,53.46998988723036,26.28908592466478,75.94247989105928,B
21.328504863022424,8.396856116270834,12.602021675841058,43.3435800026699,74.08638689827673,A
48.439563088088754,82.33007050311353,18.719851168611257,26.71493114543706,12.4440854520249,B
36.56888633355608,1.377915376308736,33.84292035530786,42.55188416103087,1.767146165978195,A
42.1605970372613,99.79320632475466,66.96548474474126,56.60843169499746,11.747663912644557,A
29.345384259405616,27.817258773296636,61.23606448415657,68.69687483065368,9.637081166223894,B
76.76345836943585,33.834234816005726,1.8030040142679726,32.023811194642825,76.86542954787215,B
65.25923364539351,96.25602910521572,49.97633066515949,40.70789872418739,70.87584399134609,B
76.80896081671163,11.897754949011164,73.76080123929307,62.66618095101523,14.141971613411785,A
85.54731961566443,4.7044300290034595,66.43989022620089,38.22220586601668,68.94855085287415,B
72.98790181494805,43.67520589479942,77.16129943638312,14.023006034848128,51.67144498669192,C
41.91580113528075,1.3798878778065404,21.191298442258976,53.66009802882701,57.865975701191516,C
32.159432446994515,75.11379088232358,31.71487276790802,27.8861513525267,80.14704167564915,A
59.60860758814911,21.810154618202283,70.59352786818287,9.689318480405618,5.217314359495829,C
89.87694227249277,8.1387057143247,48.95205204168281,96.19306468737014,41.632156762042094,A
71.76020670939735,94.1902966640725,38.426747908246405,61.463269383460116,25.35223192218049,B
72.30548627297125,99.48016367540531,11.780616067056194,76.57675274994101,68.76387064834776,A
74.02423006824414,47.62161761505147,12.634408218654036,0.7194306225798086,94.66852110499751,B
35.88927963025241,55.9345071466885,56.205411251211736,55.343724131583535,23.534593822658312,B
84.77184427571514,93.09339156438625,46.343410379547265,17.860604406024684,77.63323787023734,A
99.37987296634522,10.433710251427165,59.407806080550664,6.467164521398628,59.456982145417335,C
0.7415534535532564,48.87118977570727,32.40695508361362,59.46071117301764,87.15857354413608,B
52.803655139279385,25.40098592838047,22.77807425340136,33.75854525733136,3.442597968104688,A
70.2597576814552,6.295077662601168,65.68279199115767,71.82136387316699,70.27298665215909,B
52.19285873346614,87.31374228500309,20.07491976753988,2.8065881828617467,34.75833492300258,A
31.102781213634557,6.0971929311908095,40.39980174631077,22.77276051868613,22.87898143667544,B
13.916171960140511,57.45026814971239,34.72128508506002,50.632167029104444,47.931464342554186,C
35.24978426098856,74.11460488241025,64.01838123884276,99.21482772299247,48.48483380346585,B
87.59640031049074,67.79150803747413,0.9772266206027225,98.05011170561859,83.81718262862424,C
71.1127872727507,76.7601887900251,34.04513732654591,73.89194052555241,25.059636389358843,A
75.18998563140835,74.37141654768098,97.50675527472623,7.222275048348081,58.17108061715069,A
19.71446130285456,52.653104845374834,25.241530222377197,97.50138413660633,56.1163608417917,C
8.096550122822565,96.89442467846096,27.158243792589932,39.740952950649735,73.35571112397139,A
22.669124277964613,1.1998012142399705,21.16588784413439,65.0736493746528,22.51063528531595,B
99.32525767732893,87.35774933976833,72.14256174000573,89.62784871652478,97.51693678297775,A
2.4944985807790365,22.89982764109011,46.78970717338452,49.918742144041914,84.06482687761518,A
69.61113572947711,45.50996813161624,22.152972447453845,0.8968837945305341,43.64305592719282,A
60.48346296789868,86.78930995491598,69.3543708094735,28.08910238021426,33.62927888599597,A
63.48915544833855,46.016951782961726,93.95463869898859,3.375123879940478,29.625640132948504,A
72.78930099746846,88.61843862268837,42.08750935169575,99.65538154748461,73.84273630094282,A
50.496932283751775,10.088120193320204,50.56283129397827,76.7312834910965,86.19299508168871,A
75.99274899537326,21.615641688521634,43.2346279801284,79.1273617139667,50.00608514886922,C
69.74653087562776,61.686812332824516,45.86938426311935,52.95938793966493,87.0539490849652,C
90.40223381210096,86.81132352166159,30.11685560561338,74.15855293274352,38.78174505684894,A
69.33621342625882,31.622297456072157,81.88038881295712,36.275902160516836,88.63299987967092,C
43.77450597948294,21.572150995019122,55.27549075329509,75.84398343858457,0.7068308611810625,C
46.12115654832619,20.310267640663938,49.73762075077902,84.99461107517529,5.596652736154272,B
30.751286896492434,16.85261137492131,53.80422203227874,8.402677688154093,38.59519488487913,C
40.523404867912674,15.455288022654855,99.67382362270016,96.05915851139851,7.650181874751416,C
60.087839516804486,50.353844877382755,50.967603049859164,69.62869990813998,39.85159728666302,A
89.10585324528446,1.1467359391511223,3.6265335583622993,25.4991043437773,23.26891218953261,B
49.44296453212564,50.27181698825759,55.42313266871876,58.79371161021406,63.62843891338127,B
21.772124511378898,91.629726267291,56.624165708582076,92.73012303200538,96.07043198524,A
73.89818406511672,31.302763611890793,31.432142046755786,98.64211470755558,64.30807070661064,A
67.96705375264821,49.0097915677897,54.124502849363076,81.68261471295308,60.33946790341126,B
75.54587214433946,39.91546800125978,92.88387886513432,28.76164854864216,59.60406728119471,A
79.46832600230051,26.800205487169336,53.40540856000098,38.3324482082958,98.8262794233759,A
32.69302934358137,31.188069415660024,70.20091308786111,42.83980781444971,92.64528395235295,A
50.39796648010476,65.17080713723973,51.43755698754159,52.357733239779115,80.5843287411861,C
18.61058952658199,60.55396601381023,89.71736666184397,42.52364130455999,86.72304856558365,B
51.85200301339775,18.324136872911232,10.088654609732028,56.42757081658463,69.22025878207701,B
86.39810548950211,35.834011310912075,83.50054970767277,92.29058082904416,68.7800026473783,A
37.02829704639762,28.960277591818585,57.03442763823981,10.865357428497791,39.582096176019135,C
51.28514358069456,29.662198933198713,57.402329087982714,56.85392763973287,6.945641484718934,C
90.2663090925853,75.45138651166991,47.10664627157273,24.75056879337706,64.67886266167582,A
43.81519274024501,4.235966445901862,37.529714114549584,58.16625207818248,92.21950331792726,A
69.3602828405536,66.46206644557533,87.46159872502703,61.06277016076495,4.984942963439531,C
5.7863529705945,63.60082929033369,74.30198077679087,65.66939393767095,22.89417400956416,A
52.03478403500601,88.77634155267371,45.99585815503615,95.94716327751229,65.57261291305491,A
56.78862570621824,74.49183276532926,38.41162537029382,66.57755090673669,83.68630105643147,C
85.13631547342652,34.47759245658937,78.84339112378683,33.34105658670276,20.813016695812227,C
57.287033587488686,4.911001904028067,58.839316891382296,45.36405442764387,47.31479962992753,A
77.32663097954641,89.69352158844336,69.5290861844493,77.12663831100933,85.86689860453156,A
53.850611308220664,87.24106972316196,87.13687281854938,63.1012766601504,39.12209258298237,A
12.04075887902125,95.93100667673788,91.87477294044506,60.108928945291154,29.90990300895129,B
31.86853034592627,34.69035979771977,68.21742060540265,39.672591906355514,97.29211564415289,A
74.88216250514893,83.36808453502462,60.25214805612713,95.92862758647594,90.36713904171569,C
47.859322378586874,72.0242898323755,85.7171694363682,91.2244328840446,43.565081818006504,B
13.901666667656398,61.917986010843286,12.261883749778303,11.42867190221255,3.043017792032787,C
61.74647285454169,68.37740626501824,86.78974025921,60.83238839378278,15.501811462309146,C
14.69937674139441,5.285970681851859,45.56782153800369,99.27982130624935,44.71283924140552,C
30.035877035598514,95.08519949752522,38.49899329169559,77.54544509540332,30.828163131411323,C
69.23845654996317,10.937535332911374,17.887654389412113,22.778038869285922,34.16501879680468,C
32.86051055117637,27.729988746209965,90.79995134110449,15.015033361105223,68.29630893917353,C
2.998566624288357,5.288982071319426,48.361168540090446,86.63480027437858,60.96756858019102,A
87.59102506128002,40.54855437110866,16.357342578954636,74.36840024791768,55.23812959807064,B
87.51079408393475,4.97542842193136,24.843897761073553,35.14615971188357,99.3283741101541,B
66.56464435731274,95.16858221444014,54.72712654466726,70.18385311272696,59.4293070802644,B
13.160376382149385,36.9393631888621,71.74007289352964,57.82128997688469,50.17780284300277,B
13.590732528582771,18.246512920877045,13.380665147272119,32.909051388966596,36.72766946129424,A
83.18459954062868,50.87130160234983,0.15018755648912308,60.24081902106799,18.05011285928666,A
22.792889152577345,4.636005170542534,46.45074368939699,83.8422903641752,80.49594802789568,C
98.01650283974853,35.7764071428425,53.03697994713947,77.23444997163179,12.002127357920145,B
90.55987676247221,17.71984557342352,1.0814361924548543,14.469562650835366,68.58076510702867,C
1.6490536804628642,0.014254258661905439,15.41466030882096,75.08657012361883,88.57933313986433,B
60.44777223861061,50.768522936159556,65.82126460500564,30.584043992572184,16.95091634953093,B
32.708923274287926,48.27754553595721,58.28829015709874,20.217831838798816,76.65228296112144,C
55.353712832987945,86.66456020979105,85.31456987387564,75.32280672167782,1.4588841067262215,B
58.42526076877493,60.216654426519455,98.36981758010482,44.429127458058126,46.730761612652095,C
9.823337953139099,69.35502997251648,76.87780922376749,58.127542530105835,1.1903856288884684,A
80.77882619634018,20.18887275953205,34.823567087122974,18.427131118354556,46.66622605612587,C
80.03834666815858,68.39582510740463,10.484021616126348,35.397284110553805,98.12491433136142,C
57.625731841180084,64.02717769895511,54.439961351044005,99.1330770073575,58.66927476103307,A
95.26690186822732,31.313086802535604,55.41120698420209,8.47485788016481,90.63004451749671,A
27.64796440797901,7.6264932097311995,92.55580806057323,73.12989604190176,66.25542965845575,C
26.435114475254174,45.82017658452382,98.07564422152542,25.802588971078432,87.39947599773443,A
65.93982267942256,21.821981466321162,28.919974473924192,92.7618248513946,78.59451283113502,A
3.0158948397686847,47.1415145307688,20.410032768087728,11.45618321407531,85.13227052077258,C
38.36453300881295,77.94633397733813,83.94127473906542,41.016889965258365,24.425719663511746,B
47.715798632272396,41.91454697776773,81.43177634005502,49.344923623634415,45.440916616527296,A
4.351019814386692,85.00413511898427,10.428364024606607,76.45461420914069,60.36501441764415,C
17.181923709495408,45.922141565455696,94.16552266028341,99.51706107649092,91.57101415081546,A
14.47100097217583,92.8588816606943,27.273645279118007,24.585061991322345,72.8415533972148,B
69.96798621606098,4.718871557728066,78.77376742368784,37.80455709960414,31.37005992864047,A
52.78063933701458,65.19074382707848,71.44287016948397,69.5780299037874,48.36573183795883,C
24.475093025144446,16.419470372721147,45.77674840678839,55.72135780694023,38.67133900233557,C
74.41096946070124,26.323988476764715,78.14959769433214,96.3825601900402,63.16504606199476,C
68.91428110131079,53.91214323819822,17.500747312648425,97.03098231600502,18.450016526477143,C
27.58930994093649,71.38193580047444,42.60488567959193,93.67920732187815,93.64941566033853,B
33.74262119153188,12.970497142942106,53.825427906729175,77.85842314967208,78.96614111270804,B
79.79554154260772,7.07778699439261,1.3345788487564736,16.868814335680284,86.16770679031143,A
70.76325273622882,61.097257177409546,28.447543768652462,36.590868439295996,12.468330628004832,A
92.10319488224008,70.93516528427295,79.30161465925994,99.20786824220514,94.76448345678634,A
58.12520820595947,43.905141992383975,29.839762909330382,56.34548593764968,39.22672612088526,A
81.04583362391024,25.406151943394494,64.76313859927264,79.48395829593201,78.58255026318282,B
56.431255253142545,25.008082503542184,76.37514416715736,0.5812917034710874,81.964081603376,C
35.410066383061704,65.73915522990782,6.796166081141597,11.43216376625742,11.83547462457588,C
30.50283823761114,50.139703638078636,73.56166000953365,55.135692788747114,19.712207946900907,B
22.86758725492437,75.72426269079827,76.27430100261441,38.802363390859576,12.481006239490123,B
67.82416729559954,46.49190758392163,82.69516210188941,74.84432494739845,99.08965990013824,A
65.91545289452436,98.71263312141207,37.42852107772191,62.130171818381605,90.01359268207801,A
9.52844893829765,71.9252621168602,36.35156601883131,83.71721594608537,42.75891891623162,B
8.161727382765903,8.073225698536623,13.841277633240168,95.77579837961082,78.59210746368021,B
58.059158110078236,28.68555662700999,47.691451438518705,16.63103992936492,54.7318243900161,A
71.48714778621874,0.4627635943074693,90.06602927423111,12.367390554408553,24.682346646964216,C
14.75607925712602,6.266514045236738,79.32915203928435,65.51343480225796,35.76431540839729,C
29.101693740607047,74.56230964795522,93.6080649206688,23.349031148578103,44.95484347776384,C
21.272060722697784,97.57045399743603,82.46054604295924,30.48103837622438,7.11223319216292,B
28.99079931526679,13.79397311868492,54.09998940187116,28.129776884387258,77.9479421840957,B
86.44945654761264,10.868141352795146,68.18045835367266,46.03635318592229,10.508077824173368,A
86.29188232512679,88.38866560225364,84.81636046203579,39.58285168493757,91.85951199982073,A
90.31954203808016,91.20571594739357,62.60325692413961,61.34876076799864,10.28612471396717,B
5.934439193547869,24.497222360507276,15.972558416642979,7.400159670186557,83.31093505167871,A
32.27644476190798,79.81826705974258,13.43211200732226,59.39376710030497,32.31373314494609,B
43.53061791267334,64.66543235968994,50.43264624164846,32.625405573138586,30.034707543464013,B
93.18346649909495,97.01507992811882,16.497897063556376,37.147194617025406,76.26779858420608,C
60.59401458006237,74.71071371374497,98.52653440646759,24.696496096924292,70.41035773512999,A
68.78334375060427,11.104425484520707,61.48199370561381,20.104965340489834,22.1530102477545,B
27.541585664082312,63.09418689431543,3.6780853126654023,8.823352440374254,58.778497684707,C
29.503085760897875,96.09396163024961,86.55525925580152,94.24735818402435,69.65541723425879,C
50.07341264699684,74.94466168321028,3.9842124064822237,37.6019066440286,67.82335802484504,C
0.39560407735352854,3.915345657416436,88.28319716710263,94.84724273749183,18.65134120248144,A
30.7032660430984,65.05002001765016,44.4174691851006,28.876516300753398,24.04149607052749,A
96.55635030251067,57.141190836758405,10.03242640739418,94.88474740980207,48.62837846112815,C
22.235993171197343,75.20690549033297,88.8382672970219,13.98388529960426,71.61083064794728,C
73.14102055028535,20.737902446017063,24.277098983387326,15.753845430507173,82.56400864365506,B
26.025298283136213,18.039817101200217,67.50173460220817,14.987973728192339,6.835509945775464,A
8.605372829571179,13.695872173170876,2.736849657264784,73.110334061168,58.27184909324521,C
83.75502327573531,97.42840320701443,24.195669047801204,91.74993591747156,90.94096808113783,B
8.873653727668707,96.7960159013164,90.71338922629518,0.45111564967322826,29.49399689252319,A
38.26487268382276,11.604620218832618,8.665631257412088,91.10387034890863,67.47587951136968,B
92.76431133762618,39.45985774487614,13.329858806182603,36.9839517396972,76.82939326571058,A
44.600347308805176,51.297571913201715,42.019827969643345,11.328090154754577,15.748071939161445,A
38.936404984044614,67.05091706057858,78.06831925611883,99.18789405080341,96.54215050831516,C
19.49810668943025,95.60992839014459,49.49790568421042,80.80166941497252,20.46451585940925,B
59.69390666516119,84.01265106341432,76.34571150650511,35.10867819624922,3.587230602046876,C
35.91975107304618,3.1822227680702753,67.57309923952009,32.848856675241954,49.36629994966785,A
42.21243981686019,77.99432485456487,50.50972965652214,76.82900913552673,66.21564148865873,B
42.52741936485105,87.11136296658512,77.98924784489888,51.39026573670298,74.92622928637911,C
11.546630297327686,59.0195659997812,65.50079113889439,99.86613036799861,29.629906647416625,A
43.8649562884205,12.240096436803539,40.34712108506871,11.373256770239548,70.18215944309001,C
58.965247122864724,25.48885580168373,20.053481886768797,55.742039726262526,74.78685936463701,B
44.33748071371587,67.0783180023459,7.577712403359826,97.29218658616927,72.63615206994174,A
56.39181445054858,1.4593183178012725,72.57102092990212,31.61468224573676,6.191606638610903,A
21.48010704180573,61.3058823293654,24.99243440805706,0.7883457089880141,32.24901378301265,A
48.40007463890939,28.895113247516445,58.05608437774625,68.67524181753053,87.99835214060242,B
91.01840162027187,65.07961841675764,33.162304536352295,63.27308578411333,83.17669918285362,B
28.443596172813713,31.466010657380792,63.15154533829793,70.07581210376908,19.517875811650132,C
31.401023414927188,22.220609916058486,24.301805267879683,10.468649550623176,48.056442906909794,C
66.4487310743318,94.21910572364156,20.995127525827208,85.75743730430636,83.29662226326894,C
6.528961378124254,5.011031870570148,1.0592126810355817,35.84287901885427,35.42047518321974,C
31.115014277829054,5.595765982256006,81.53990229111734,78.13725095856931,52.17712924804828,A
83.74549558671787,52.88668442365617,68.08430389469333,94.7351206839436,81.95175714085248,B
11.15901840637501,56.90379007858212,15.066048395359166,46.750243151232375,72.00491027030225,C
67.5603441633858,79.30663485011071,70.94965420440649,76.70642254103407,71.73006863597055,C
83.43109657584561,68.83513224016214,7.6822115408972325,72.39794636786512,65.63384721845665,A
36.90815606932423,21.42104381870331,41.434324398629876,56.27825784605165,51.960788948276026,A
9.595927654985648,84.454716270863,7.8133910941793,48.108247084703926,17.44803453713829,C
13.818612924554696,68.79428756424029,9.237821106047505,23.35225346234633,81.2499356861764,B
9.991072231881159,47.013905674049305,21.41273741350601,52.97192242844212,0.14061188988850892,B
26.890581513147428,92.83214621789931,11.191731450873387,80.49402692771358,46.088153507559284,A
44.28731779635685,70.16985315584442,4.833759557258888,85.3534809203773,67.5461932980364,C
15.404109604439775,79.60472077439168,83.17437053769544,22.586177881190828,40.338766570348106,A
29.1027348121786,19.35743608649624,76.8333924671506,98.43664092578157,11.424722671675003,B
34.90333536956334,29.688466330090435,30.22037822372141,29.22234438003537,8.586953664879427,B
25.860608470420043,33.1103650439193,15.34656847121758,68.34507525802977,36.152497112068914,C
90.77379569458402,8.37562360392341,62.81190431347567,20.556493550668208,35.56521641182132,C
56.49152775157792,91.13805564105746,5.9436350975501036,43.11326894760399,1.0218295508890418,A
71.45626534127281,72.38600915639056,87.34062622791329,47.46474142139865,34.15366560007185,B
50.9430147624182,27.294302806042182,66.6253731731044,21.939267213849824,39.75129628141731,B
39.410248614520626,17.450763674806012,67.22329518047292,30.83216099699073,97.53487000739996,A
81.4531970029907,89.60500505245015,85.22373861174214,99.01135755663128,8.243900869922882,C
13.150936855926144,62.81967067843809,10.491322902066058,80.18873056079597,79.53998068938331,B
42.883375608966446,9.488154211743227,54.55247975004919,68.37400777570079,53.426513486281046,A
56.76232351829393,16.452448912530393,36.30918670416663,10.56416712571,11.414138745040802,B
92.90731383401953,69.51603412092807,41.07780615695681,40.85617624678416,29.399769453650638,C
85.81207433173532,68.0648111728194,41.161214456720664,53.1398561814429,39.61483077270289,C
69.42458533006523,63.32053467227505,29.431432583819518,68.20243516590581,86.1442807936767,B
28.303855995550688,67.96819872456577,89.08416076139586,10.598932710153807,37.9735923427947,A
83.29082222735752,43.34717912197404,83.33057000239286,57.666595548557986,89.77298959080304,C
56.98917152978762,96.69400718274407,52.634274629295255,43.28478453088957,90.85721889067092,C
14.502419555876267,10.247841516027133,2.6170793034452244,16.248907170254036,37.879065156737155,C
92.21336461631074,21.862039623597884,40.67564212687359,10.067895886964994,98.79557725679814,B
19.687848406440068,94.95150447705089,93.59956230714714,17.899201721001578,11.930957130646892,A
26.532596930252815,69.6127068830085,42.08946280535958,3.607576308053251,86.6684106975097,A
60.95091598418656,4.3550388487718195,33.563577358541195,97.9225889052161,93.57848782973848,A
54.99452226917519,62.73604687396347,9.933301449619702,58.03647669626658,63.75147568964768,A
69.32107276930375,31.480605042712174,7.94456971511619,39.26706556641319,82.37768353952761,C
33.466814710899705,77.89587513930954,69.6697441795868,26.508876879258892,1.8298989279934563,B
27.4608970838484,63.97373097946184,13.066139252708265,77.89450589809009,88.67949888348922,A
56.715380821683105,46.26539289000142,23.47241188329391,95.22355318025065,25.977376944236042,A
33.36616349212651,94.92616342597435,83.56389157739976,1.1883398351256957,34.861507027704285,C
87.02820809660946,75.9614945031774,31.542101593891015,77.15608727283283,13.807680446889059,A
45.6207628016434,60.394386998035344,2.817622064240266,37.62519482995549,78.29303343823062,C
31.92750320169697,5.162794260224857,89.04189902833069,13.464100214005603,47.60104361800997,A
55.752056367714665,7.7251177645559554,80.32033482043087,26.15335504074272,5.920049147560857,A
50.290312748053246,58.472030256634454,8.010918889406637,30.470551712998162,39.5898278435859,A
10.405314857618164,23.95112126996426,5.410670134093232,69.94721237027903,51.865790273939574,A
89.59969038770716,24.3711484404202,25.853539488396216,13.404733655672008,2.6926598498388743,B
34.081352834486225,50.62319446230584,65.23563083134172,46.98974030078325,74.47586845072863,C
51.39386971445096,17.94924673961872,20.413754274166184,0.6288547261484534,26.265484958038233,C
47.046657128832294,91.5651374622183,56.89285345494927,64.80419198033752,50.63665328540312,A
90.05823307094398,16.36368776031697,93.99733710292452,79.98075720634277,2.8282751968687903,A
15.212115134805583,55.971033875523005,68.72994055977392,86.72617302618313,45.37304128889783,A
20.87424770082017,57.27290675019626,68.28796342151973,4.521200807324766,31.823769654045787,A
92.43791430615897,33.19567611775426,8.807967325254996,95.39832979343592,97.09903315635066,C
28.12962847841002,50.2789976431722,17.571367982473674,43.494092123271344,40.03043768147264,B
50.39742200482432,96.15653722924269,54.70120211026277,0.5408684891115123,90.004637926453,A
31.236173759437126,91.73794256974776,57.00371196827937,59.585587583453595,61.77376873496091,B
21.587039439394573,85.33174180257124,25.387703017802497,67.02688134446086,14.799045186812986,A
64.77137694476875,29.864637356571,64.60935956261116,18.42898293716043,85.95198748696049,A
18.74835176475712,34.05772513822058,93.65526247273834,56.641285650475425,20.520307630285718,A
31.66452134166393,51.41042257013226,22.28590316134914,76.24030059124469,63.396224773252065,A
13.955935952709764,63.18032152531507,9.558022028286628,4.278822992713039,63.89701891852057,A
0.3760005893524321,3.33531990308642,32.694580684394566,32.896792077865115,3.020934454601798,B
35.30940182714482,72.91886992943255,6.020063873954284,96.64596720723527,27.26916724306221,C
58.69434633836493,94.99001143103428,82.77607387237668,35.12266563675573,57.60844439740824,A
89.94446993984505,30.2534131283275,19.58890506570805,12.079920815969947,96.06584716954309,A
86.12707433703125,51.646466572328094,73.81419975897072,86.2455375740946,9.292436050367792,A
63.50025260788541,24.112648709005168,8.199759351463854,45.08302268546041,62.091911468646224,B
82.14984588173154,43.68342503598072,30.158252234626936,41.47312325364009,18.69992090566418,A
54.04441913463535,26.90285634009265,44.07512948050836,63.34762972998976,23.535311158529016,A
81.30476703520742,13.874725123727982,75.64802494601388,45.42603609351505,86.94443726073284,A
92.64308832268439,74.1340357798865,76.95169558915825,38.61074985459842,45.91306807758709,C
19.228021743053205,34.11609352143194,80.96174870175761,53.344735949937636,13.891411123993603,C
82.23985119728788,25.519742664324074,31.953591574260443,43.65201297609551,19.347289898871402,C
43.52917646277202,4.917099599569951,92.20846586527223,97.84916672929779,15.656020633648204,C
13.450600677684577,10.823339455818349,52.278085181849676,28.89938877330366,58.616420676538596,A
21.820655857737346,59.87016113335076,5.163776363794293,6.0664964181340935,70.5937437973507,C
83.23710024585031,59.23820554409247,96.0744216671424,62.43533785399747,1.038792578020975,A
25.13309781089401,14.815210357851072,9.37698127911002,24.786227335589896,7.154608622170122,C
81.74433807498266,45.506852346766,75.61669010915702,23.07350283057724,11.315516136304016,C
22.37756198608688,4.357336802263667,68.00219583654331,96.57864921057214,57.86270514507018,B
91.84176819581465,86.18915227510064,50.814910300722225,93.75524876690511,96.24700368256642,C
37.844676128356234,15.403615728937314,97.73615254691637,48.39405520719913,66.48415217994308,C
69.69684153374178,29.217330935288278,90.9364857408912,24.863507521355565,98.34317882196949,C
85.25042796400258,47.75866829295231,91.73469620544043,26.961678606804174,79.40076514146728,C
51.42164878698389,71.89644692386562,41.04373153536128,28.395901137274382,9.587450522241847,A
40.242015277865185,8.066608602817361,20.26824464178515,46.00967224722523,83.08875286035577,A
57.636075007537514,87.92873634599272,5.704886310154933,37.09988845526462,34.169316431154826,B
58.84403568447889,43.910408532523405,95.83489116536839,11.322404429992384,45.384610441505124,B
19.887202324750387,77.22729775984777,87.41699166997753,95.15729299558117,49.601454771149655,B
33.74870533355636,94.13183067717588,20.048344845586406,8.411530556670787,99.99115376879124,B
63.713992286545626,77.79643096621317,36.017527659979464,16.3304806672115,77.10049537507383,C
83.73670769178283,14.169321841848326,5.61013924168301,77.76097014089186,37.1016483242615,B
64.11683396516408,38.380130672461796,21.86110284598324,73.9458466378532,24.44268791317077,B
61.8432968472901,53.27240418201519,32.74374819637003,60.57345790126365,56.659460531405834,B
69.26374370414975,71.15863986621076,95.62776586129293,37.79049803256669,93.44400187468882,A
7.391372535280805,94.89122992412484,68.89659140899491,32.091740078057896,42.71962443907111,C
30.911764189128498,24.834980311276745,77.87498242878017,19.801426001305124,21.25915026243862,C
94.39370982498944,4.357524506248655,15.045737046638896,80.46723025455675,52.19705635021433,B
88.34124326552949,60.7967320087082,65.59228290309548,27.47847703090145,68.91328764518946,B
38.274310992187296,88.56120013353922,61.24865039108158,25.24221308683342,18.972538703315912,C
5.0947286152010935,60.733527374480445,8.383727914522854,34.831819397904894,99.22414458690874,B
57.52825569896447,8.028644171720922,58.05093973040789,23.56964179773072,91.68419910217972,B
28.044478753734637,45.11648615998066,36.09997922552278,45.77248868947341,63.135462888857596,B
37.12385785903404,31.193703941382545,45.53665439741511,26.612890024329882,30.914315247840875,A
69.48970944990133,82.85028583833821,39.203364395535054,79.74514514383766,16.180423077102123,C
4.455813578636492,48.24122426166551,46.436850489544845,9.518789827016871,81.12299630019695,B
24.96650374691354,48.57418020362184,86.33924127623804,65.70277126538932,57.13223912147043,B
11.72839534883825,52.215420194435445,76.41107270396225,3.3942604321455128,89.33117296159045,C
18.74103112170665,52.45286927448248,32.056104367070326,76.80705141034542,88.93928310095079,A
17.652675667834437,23.875693321011138,21.980632792147848,57.0088857739975,10.615476356603093,A
80.36889165279032,91.02265863624265,25.623221097977755,29.52228693097364,11.567342077090892,B
36.70977536855651,12.584586870553615,85.38555104067056,79.83096246022757,68.43458477008713,C
17.350131483569285,27.34303726331364,16.87053969536376,30.45080482920559,99.24978998636608,C
96.88068791770765,11.15911685702715,34.157329285265334,96.60300417539635,25.81284848736358,A
56.70155022837664,43.259064067253085,7.118062885952492,54.777158116586875,97.07577357493346,A
92.10095814299977,18.687261955759194,78.82518794996358,91.64876468515213,94.84774059294139,A
46.50481946946119,87.29576584963812,44.78134160543006,81.34404358400347,1.0157928733410704,C
12.663563028722102,4.829895260806838,24.854808165346576,45.58749272164133,36.43992848465807,A
90.5927858487262,36.46846478680108,58.524248543825294,9.779690242706817,54.888240273294485,A
62.22465268488282,48.86223677824457,97.55947889332003,15.52824797479092,76.49311965155484,A
87.98839877118519,60.178528319265034,72.00661757152291,71.41070414773415,92.81253663682007,B
73.55239330366852,23.223013888083976,47.70184951947524,40.46989429012239,5.636050457550478,C
55.166787365489775,63.02902348201893,27.559728617934297,27.165613089499907,65.96527292213314,A
50.246572602201155,33.53099539825646,82.79232266239259,82.11832597375431,5.4698687046847,C
28.342131398013237,43.654922699281606,71.77154242666181,48.58489342903404,18.10451041974368,C
31.55703758943893,35.28341936090887,49.60296179542901,11.151904676271462,0.38009852353058093,C
52.68030171352864,79.88971101517349,70.2177252591669,81.30858113096163,44.229048274611586,A
60.814543675100055,5.559937291705818,91.60128219263484,6.135990349727837,60.686366943907885,C
99.66471076250927,97.95900670799136,19.205659334476767,9.77366710614016,27.2210543987805,B
82.11616077008742,33.31843115051198,19.750400935415747,95.96785562243907,32.719920418397976,B
9.771239545393563,78.80217641117146,59.45558070492714,35.26568816822846,82.61120228491987,B
4.6483946058531345,19.90983554681676,9.466636875324387,71.8301121442943,45.80366641938496,C
23.123754304920354,79.37929044833844,41.30053535397556,38.72863709237344,24.586989760188725,A
24.453976866107784,89.35444196836549,92.13831657348345,35.61565129777713,59.41797731178241,B
90.14637407787276,91.88732651427682,49.19065709003798,94.5738800452535,24.96088468250095,A
12.212989969356958,0.4578037690517345,38.499705983153255,87.72859849211325,10.373316096606578,B
2.885834611907656,6.69174380084776,15.877233757738086,41.05045513113599,84.97303839283647,B
10.597142253454962,42.58867146814611,10.789985551340987,95.8854113240788,76.01362612215121,C
5.399937848150305,75.71896725737797,65.57721489671134,96.96595086804595,50.10683573523481,B
91.29453453112689,49.694614054230435,85.14794740143448,41.19963945465369,17.801482541638414,C
4.920004295383695,95.04194995616318,45.14690274645676,69.08505125327088,54.721892267541804,A
80.4900537948982,58.226923573207415,21.928629061288074,27.500901782426613,98.74983724903656,C
91.71913563637246,11.950795494772116,26.784704463680608,2.863154505063048,23.027041046435414,A
97.81912407820766,14.53406492197068,79.74090587101324,91.03622247258866,67.42345074898621,C
71.96728786574855,3.8148981714764774,73.24561433443958,3.5993947902907997,97.4276217018903,A
87.10229770342417,9.11463719900727,69.60556065571924,22.89917137529498,93.04345849364965,A
50.765228596098545,13.267196461390595,20.811302438617574,48.32341047117723,41.861595502602846,C
26.23123957048262,91.17411235042525,17.733464248802477,51.61118416405692,13.755770754693241,C
94.66295226934419,73.33509944842822,98.51133920481826,50.76143375518476,51.10281545226609,B
67.09184876070175,16.310104647693535,90.6713459987918,56.207006398355034,84.32302249048573,C
99.67460334654027,29.863881525107494,67.60633381805664,71.09902734303442,91.34575411112806,C
94.23759447906858,33.340275555608216,68.84682176997103,24.203293529632518,79.77369523347897,B
41.901516567708654,48.914997271966364,37.69708314414508,40.902004235975845,81.55431290960303,A
57.045811719961804,4.590091477163483,87.35268549464425,49.87766366662439,62.13083495481396,C
49.13024404279022,60.85736780967612,93.06633057156873,73.89485204311741,68.43971085404044,C
1.150662979125694,13.264774280146884,15.248679469766135,78.91673625420059,9.299414924472515,C
14.27733325410776,36.281319906491326,77.77093961749686,65.25067600730802,31.776667904889834,A
87.28018579532598,16.283037841567584,54.62644793587064,81.59859766402997,74.05194298193088,B
7.832333646586365,99.85227950269578,31.310724748834296,51.08311224814079,82.29100744584375,A
34.151485039122576,99.3413515936318,23.844487057144914,56.31298298643186,9.914801674850281,A
27.529850535316136,86.93980488452367,18.46106401462777,12.41270127097771,1.7999865236004386,A
33.600929710231895,41.948852735898456,63.496805817442734,76.51777405949277,19.60719359995461,A
31.772494253076854,47.48000627395614,86.0296737113151,33.420583048567806,32.34223664656489,C
59.59619559466722,41.698021622063585,76.81323986925402,29.152991275796936,51.866439033361964,B
19.195017312365316,93.31195041863698,95.46661607518959,32.499702928633255,17.22373702272594,C
76.33970034783037,87.08050249698428,63.56643453893533,55.5283264213009,37.16839205071889,A
30.63111049918331,86.0968562883365,26.489775900559,84.74902228772801,37.14915646442301,B
28.845346290807804,83.10831926231992,61.71111103062575,69.322310932333,46.27865251719147,A
4.564765833975947,49.93549293740859,37.54011935139098,23.64621999676284,49.455338746234034,C
72.93020704650849,92.75663238741228,20.638013021509195,26.97228866741227,32.99160535001333,B
34.28592136443267,29.712872001975043,26.97698374183526,85.90415991589154,37.21587297535871,C
7.369085515175133,66.79147657743131,26.773404508627795,7.016847077571764,85.99766195303339,A
82.95720723305031,35.71311638257239,73.335690148395,4.034674674974115,89.55196337461379,A
51.994608756153724,44.63032703818506,58.39446324168431,76.63062884599628,0.1185640617709538,A
65.08265726645999,78.62844280181426,73.66113881997344,56.6188744739335,78.47575746543437,B
89.9733022555303,12.865334403241146,70.59536866900312,56.1321009770277,17.068866874038523,C
84.04895580114999,26.11466539822037,15.961506562303729,70.77321318990457,49.659508226800554,B
34.92271961044494,67.76177314424986,48.50285632909019,96.25538153788686,6.709977919166987,A
45.20170468919152,40.692012538049646,27.648424189820798,3.4679448379389077,99.0007373047505,A
90.76808715477705,16.66519547446458,60.61330981096463,70.24312149567632,28.964400845089234,C
23.46234884568148,84.72398604784685,37.41307494109889,83.31215226940307,23.424072814704623,C
71.68439433647367,30.552443843071064,95.47198363522115,76.14616663553305,30.341654507822792,A
48.20012527601584,51.53482069405476,45.705687520338714,7.690020936831221,81.49761821283764,B
56.668322632975155,83.69279159138964,84.70572666223443,77.30820062728776,91.9789228138334,B
51.21682433489825,61.73912650678884,51.503445912656964,16.466946854264474,68.42245729148867,A
61.530455318774514,82.62567812593558,27.06324706628338,93.2776446862769,9.520323932005681,C
48.030808566784486,64.3667114955433,91.6907920250545,70.74914944804715,21.67181182103168,A
1.9588110910494394,86.31181073300912,23.807556926552852,29.94956244062922,2.3462840170478505,A
65.21433754274938,8.703446370050372,50.14425931989079,60.329081142036,40.73662316351596,B
21.51238480999903,79.08702392714862,98.6518426918767,55.29997835077829,81.80888831187976,C
91.54535929245394,99.62601980290448,93.45466725469817,98.64032459832744,83.34492850706633,B
1.770792237178298,54.87484497996979,32.567721698776666,49.091536123791876,0.8373840915418373,B
27.792684577307337,68.45974037298288,91.17420293536863,40.248226476535734,21.409483497111815,C
14.357716129144737,31.89920340212764,42.31946566513357,39.00100766798397,22.401763024544163,B
1.17572134088888,93.96585120105453,45.437342713001705,68.62934246063152,42.40654622228956,B
73.53475480622276,15.777218377432789,40.655710400778254,60.049476918433186,23.01370085143454,A
43.562586593210014,17.994147056302555,30.260837802713635,26.026430301347293,74.06445917937812,C
21.743594281194532,27.980800602405363,61.48642964499452,98.32303750037751,8.50136706096164,A
41.452996452986945,64.31875909099892,68.69951254709521,25.5615853768836,88.20630960967719,A
56.31787111294256,30.38411420155788,37.234366758414986,7.901838574496589,15.728826716517974,B
83.03188927609925,79.67979288145199,63.533185370320155,69.79767701573623,52.43638374421812,B
11.157387431785025,99.13354592566336,26.56944030713897,8.040555813490592,73.5036903036379,A
99.09974564394449,84.18821814872636,45.05235430898019,74.12000082171795,11.420154461401033,C
33.32779605884526,53.79849167666073,2.2835101827666904,6.554868106189171,23.348194490348273,B
40.812952336894526,69.53154778734672,86.43589385580881,14.803924154683424,77.1353550862946,C
77.74689328663109,90.99400353145988,27.7095721322845,74.39026297134411,3.097849201074998,A
4.170169775086475,11.205651935501814,81.8424048717332,61.33985635472952,11.971296296984269,B
75.68301316080024,50.60968605174755,48.032681664888635,86.81273528070747,54.68146546262681,A
23.674098269647203,66.18439221901909,14.014665280380335,66.61304079000453,35.904400982213204,B
65.76628946133995,69.01370553764541,45.39413179661157,40.811068556160315,21.37682721363028,C
46.67661230076887,24.407190762724962,57.38561062349514,65.1357928907792,29.390428848725147,C
35.223280791071964,56.523861572861165,84.06230119525983,44.62063415945114,68.25129082417966,C
9.21588150915561,42.471656780625246,66.24972899084821,38.20504513865256,89.37704827944474,A
5.732500203901125,37.463222204758196,6.184776038047279,57.00200010334545,67.34859638812057,B
64.79599171494618,1.0181848033693153,87.37187002083135,29.42036332934669,46.24886064902527,A
68.80131695093917,2.0475885951745765,27.01122879525738,32.30888138519573,30.138400792998954,B
78.41505318089874,75.40681787184992,71.3228744810327,92.05036429573198,19.714623552922884,A
68.2047389438097,57.039512371564996,27.24998885154031,38.49495971115303,55.425585714694115,A
69.42734215916875,70.70063015833378,72.06651920189766,58.06181051849736,59.62627083533983,C
72.62674250240067,80.41249510048227,45.131004902652116,88.16302150860206,31.644957463508128,C
3.8545806715067354,45.9500929765715,36.776593625458545,27.412511203357948,81.54331527577472,C
26.201655661960853,68.19596437878948,73.53946699786297,6.99301928450412,56.38913489511281,A
51.516647992157495,35.71389961044537,51.76790548994396,35.98360095293535,85.78593809598075,B
7.031201998385561,18.35760210441788,79.89105743374266,12.216762229342182,32.442634057950706,C
81.2647473065377,89.71765741441791,34.73649011083219,0.6027651208534657,33.45758448289826,A
79.13789507323176,16.13143426259118,37.93158093910041,66.74628874736553,91.58003499780617,B
3.2816143399199693,13.992117301118402,77.8694428886613,57.3205520068618,35.41362389846753,B
72.85102231316111,94.26298191785949,75.21666099811387,10.561373760194225,70.42399589276414,B
8.376659838584843,42.43312674124298,70.01902689252944,27.09597210446798,42.40662330867679,C
55.286893507206806,11.446218633903815,75.33128283730068,67.94677344443137,94.52722055702803,C
30.23783807768722,55.46293105709065,59.48099157491079,62.214232711704966,77.1227965701483,A
95.6744763013807,81.50043134058205,37.74432128870202,82.53870075920346,35.35135269328428,C
17.55186068868475,90.54512785109488,62.130615652118024,47.425985316427585,20.091917174220054,A
19.567909570908583,25.669585336331103,9.253105747168888,39.97419917792471,37.86640874552295,C
86.98722341922786,72.29897657134178,46.94966455022912,96.6805126140985,77.07712479935478,B
20.091036809079544,3.3489736817825855,71.64812089686924,34.49043668667945,92.02900526895256,B
90.0401732035839,91.59909003150743,29.588818553440998,25.445298172288588,65.75480406843738,A
24.207670053964303,56.448301133102994,24.23424655361798,85.54427199326936,29.896758739124362,C
82.43160358889087,89.68226966390806,21.81936238778296,89.6552753407636,80.26000865431044,C
27.96688176089456,55.08438188006557,93.93671737302292,77.13652096531327,85.26142806648268,A
66.37845862015273,82.29007246154823,7.6196860422509065,72.86462468778319,11.945381102648955,B
56.615560940926926,43.19223202613416,84.57595637416124,72.51655687992948,81.66548672558895,A
73.8743514782431,51.759023136808594,50.83714999947716,29.096608762691467,10.786907851783766,B
85.29131307153646,29.426941793530524,88.57156489575058,6.474842445526219,32.02319091190259,B
95.45350345554246,11.265943823569724,13.578946692947092,11.87463715630913,51.631893377464365,C
21.51691303122455,40.20060626010462,68.5153748879635,23.952801867961394,37.95307956853734,B
17.410343561723362,55.844195295264356,42.34129391637021,72.58029422149427,13.883287994171456,B
97.33420320403336,86.2297147564708,51.13869891121527,42.146482461086954,3.1393353343246444,B
68.77607439116487,11.024865481968682,85.82001300811244,62.024456061384434,68.07871828610035,A
89.47072242081765,14.135029743744344,61.256181963927894,79.05694339968015,90.2619139103464,C
30.157089442726313,87.50441373041372,37.189088712156085,8.829812285898598,64.35500304240364,C
29.304097797154217,50.00844919856111,1.479553993560867,26.905293962267407,48.155688086235735,A
59.31739288807465,50.074109564172865,66.90549537321682,30.043224652562163,41.72828366016205,C
83.93538500163305,37.50731845114353,74.3050317404022,82.9941839834267,41.503331902693375,C
96.64734153309765,94.52295624627027,73.25659794348822,73.79857251933798,31.226021397531788,B
41.351965918677344,46.21728901891662,81.37379342850771,16.141633698736147,86.79278670692071,B
89.18696916385316,19.292765130196777,34.3460895432351,11.924598833262445,14.856156734385484,A
45.22949090999645,81.10245475335944,4.177768054564357,42.66673855648089,10.471037534312465,B
41.97496002302178,41.999319552065174,17.043960302373463,35.849365022209476,37.94000966565555,C
55.657159489951994,56.43867202690954,14.788908620395825,35.50438475909362,66.18963916774297,C
32.63595221830789,45.73649963390937,4.902261102046934,98.73759215299994,9.738182681583773,C
86.60981317838993,35.813673909533016,72.99670070692122,32.72103537508224,26.150586269034047,A
68.69578550943194,71.91071101299461,87.57883615886261,19.493974937357173,45.37763322004523,A
90.83822872615292,97.1811723528827,98.63641320415789,71.06303440668397,75.22628763756735,B
7.951233018370885,85.00771020510811,48.48156204927362,86.75633918165146,64.60805203346584,A
43.22425944681012,98.87235628686551,62.04287404271606,49.341636689245085,10.450302049949878,C
23.87738551443649,81.07475100696038,86.48013892857969,25.80371373038407,64.54436879591454,C
19.42268377943177,66.69190077190814,15.052195930176737,52.93429539445555,62.37907103157144,C
25.30965982797482,72.23211096651967,69.28765477118914,81.38046582788436,2.604833440447585,C
98.71486922484115,86.31975610123759,80.77008298739223,16.803877517453436,33.42956075932152,C
8.779982107101848,18.770689147630115,70.34366640550927,50.550068738849,76.09531260222222,B
85.1974705636039,47.8479288075099,71.76584820424307,61.739969662435925,66.67525727210949,A
75.45126278723285,97.78386876217968,9.818618162617831,96.32238715955145,54.28266046235207,C
88.78708800831716,50.56360490439159,1.4200493297985672,83.6776004159156,58.84252604812167,B
7.833854539948604,76.10229821575565,20.213843084877336,75.05734248011228,11.879188186310019,B
22.504824147701974,44.748605933903384,58.31503935627646,69.41785527960475,84.95270989246532,C
46.77260381486992,50.160429467708624,56.08430372445468,2.5397890145667734,29.598971294864807,C
59.31600563193301,32.39293295806524,41.524573712275206,63.768774345656055,38.412648875019485,C
5.876913111295023,76.9423646358676,68.27583749624723,72.24326089525182,11.768910977814883,C
92.56594661452795,48.91744514323505,86.65338742961728,41.61136119666268,82.20608409096185,A
48.80148030691237,78.42838579055292,38.93360274649983,19.772540438943654,12.489343992108836,C
74.78020169470653,15.810593156868013,85.34378329000741,4.9558332370823415,73.96599283178689,B
80.16257932739933,80.9853946536648,14.710034524187954,80.10742887163755,37.954544066956906,B
13.471549261653838,30.635514655455154,77.1287937874624,59.08501170295292,77.40109089412672,B
16.624336041762998,30.467392831675678,17.18105440688301,55.47945311886047,35.05219731069192,C
28.462024208928437,42.94065165056363,47.13291019479345,51.09453642318079,60.053066631285404,A
3.0259175372406633,66.07740449122143,78.8106607084054,24.795880535087257,80.04685648686993,B
60.99580069121746,68.18639428781931,47.34985102774934,24.855041924692202,29.06590521524157,B
32.92222168345865,88.63380392528035,48.61807972291178,26.389898032795077,24.420493019399824,B
57.055798815636074,41.25979681927128,32.79819955643709,66.49109613235252,36.058802666135506,A
14.68945894876601,78.43798215057609,76.13620556166927,12.935888413686946,56.674359486293014,C
88.72234942259361,43.8539679844014,26.80946300721211,55.398385574070794,14.364195864979246,A
10.316697124545804,94.48439568264718,46.18952727828338,90.03314329877014,13.80967739383201,B
75.66344217355983,34.03935343849416,25.84358106272855,12.384312848664802,85.54739961713595,A
5.9984706748836825,30.23762466012817,86.78319922837427,14.843336783836602,89.59710796581423,C
82.71927244726852,56.61819454555307,45.99578642565297,12.443281159306519,95.1937252073657,C
58.670960665389,33.62592023327369,84.06785277327306,8.973426881633085,78.24258800510792,B
19.58873835920516,51.20172992173192,97.09965288835134,80.97493738167495,10.565312895195067,B
14.250691873209753,73.73678642722996,51.88543313525916,65.05140048970071,79.12254122194587,B
66.2280665119086,54.218488884437,55.84608386300126,30.379781328066503,65.00064535709807,B
9.367669336435814,84.38534355083767,30.012630350524805,53.759740882312755,30.28736605725951,B
81.75146749641607,6.968495299248289,20.69043849893948,72.93996872215905,86.84610261984754,A
26.577725917789095,16.530517084623874,78.91488202858599,45.79021115871663,28.35870192422052,A
93.20220759188761,70.43302690324059,75.77293127473162,38.042725482353454,12.304109874067182,C
75.29989544275858,63.80384179030272,38.68839642692763,31.481380625660492,62.87133115910317,A
2.2830327186126986,17.06931207696999,2.0508042351080613,20.19924969560698,91.5103331341378,B
87.35887517563152,23.24979666181629,49.00375990962692,84.820853336265,79.65475689760626,B
23.212764895268066,87.21865318177915,69.18705379067889,17.269324802794372,59.14555185477675,C
58.36308704164506,52.45275985381254,4.956189966075053,68.91520759728273,74.37279809373446,B
30.551465937836696,90.45732790642552,79.95284786067934,47.21396233870118,19.21771958225583,B
27.427023005866126,56.02019046630097,43.819946608937656,18.133418623321873,92.37977103012665,B
2.290081758247142,77.54833138709756,6.015208019993567,59.80268509741219,55.354530488488265,A
99.73065929069837,70.51181350057213,92.61028622022569,26.552781780919087,41.83315824868142,C
76.38961824132006,65.94110723527523,34.94913427955072,40.732095815422866,99.43275553311217,A
87.98716609843375,58.87737937079677,93.584919565031,30.36965113901412,39.37956467004958,C
14.373636581138161,65.97474895953803,86.05517830975195,31.218685665770995,22.880999544628754,C
4.587791159572574,97.15440212466446,55.16219123429771,96.57172689368058,67.91054380498291,C
86.44867406494883,79.13871517926411,23.252085117120192,61.562025292959255,91.3601962189454,B
50.6637648910234,68.56996437965799,25.854512363904902,41.75025336565829,23.228313200880613,A
23.953504104395783,10.343975949832107,25.730605375697557,86.63270357197548,90.22509226300248,C
72.73944347294459,41.664214368756504,95.0871104102372,10.448280960945278,28.371207058641524,B
61.58041359246991,28.173123279807243,4.401693002877439,47.054932521123426,41.127161535212544,B
20.40431407023553,57.1650680388014,10.548652966669215,23.72177568134044,32.303439363152805,C
93.98774821694339,32.901148040232954,29.771652132524896,26.496140654183066,49.22077158776864,A
36.04298621972153,10.121978263240072,80.53211310658676,10.380966934553637,11.232288646434874,A
2.5352377077871524,78.69114514657359,69.16203941873113,60.77672731299795,98.47256113483928,C
11.731933167786012,41.55495664720371,29.822781122995135,17.423407718779217,56.50984232188567,A
20.23992624651131,92.14594009739702,95.75618221996537,42.790343591710624,78.10083078670507,B
40.92508749985204,6.569739236094508,15.298654035245573,60.33281253168777,94.83648655910639,C
23.38791460224432,9.823262096478413,50.29478945930238,90.56025153995428,80.18942984268018,C
55.70840359081356,56.835749535628835,54.771724816431544,18.262055744049277,53.12367575510223,C
26.026554940738443,11.693149972485061,48.55011889839375,9.806552716984406,93.7335548328521,B
4.317463873031757,47.132615251292464,33.387155978393444,2.1511731901383113,6.62767445577982,C
98.61045959758745,16.594276542903874,14.112045311420518,70.5470441264509,39.35827615646118,B
4.34821708774451,11.024568136255496,49.91433005679756,91.17908046665927,35.400334133931,A
11.64723023064418,89.47003457277222,76.8081233817334,34.1296186179025,82.41495722443882,B
76.15498533456973,91.01324557962563,94.58853479865968,61.3312120521064,57.447271547929525,B
66.70633920899945,84.86726004279865,19.37546377383671,2.6100553102766044,30.925958998527715,B
8.741403776057998,67.32341882408335,34.824575660611536,64.7054021800981,23.245993508358975,C
4.385953253881403,22.5886834035008,35.46395808504623,51.563283231401,60.58727265523527,B
8.95926346012038,28.58848293968861,51.27269429213395,31.174611140903863,46.36544089718795,B
61.41549930685317,91.18725092839529,13.462483380085178,50.317727143943905,83.79091119259814,B
61.68829892971633,22.01397173892947,65.69222669529645,59.8594287036539,32.436278111886686,C
72.7094390877634,73.56243243961818,81.65838793613507,90.64683986736716,18.511030610923605,C
18.498096806977347,9.542401811332656,39.57343379946426,71.56545419518282,77.96469446261827,B
7.044855710336739,24.81555862049335,1.5447877507210883,67.08190524781253,3.7134244535716454,A
57.6560221151879,54.94848405526572,60.01905185736741,92.43937845495772,98.02261428350513,B
93.57397087619852,86.15313161525074,3.7167922143585774,96.36716291019573,6.215964198932388,C
38.58221985938128,17.086029418630634,7.170220228890301,69.73586095702284,50.76957589881357,A
28.353831962783104,90.1659326915513,16.54111810246458,95.40240133152767,97.57289064378479,B
60.96807435580672,5.678177713337462,10.88221241555446,95.35672897259137,63.902311020493464,A
11.75026738623507,3.089600259857317,32.486074292520605,3.3246270537269473,96.89702399963355,A
28.992541240397262,90.29602945337139,37.22651599600124,91.72583110536195,19.425032094345173,B
95.95299095779535,51.32419883362166,85.29698849082934,4.135989337822233,28.465372951181187,B
61.08135455155772,82.5201381497193,40.29463525593049,92.36437255478522,45.34498758292569,B
82.22738257138367,19.7718186820663,13.882382584476616,80.21273481674214,19.82303467340467,C
16.007295527505182,86.50931518753346,37.59411160802417,67.84452583576575,35.48661952220987,A
78.13876572944488,25.861942039014984,92.13250029123799,35.41067694796474,39.694367829954736,A
62.40078529692787,36.35868407231677,68.11851513725145,66.07701440116043,92.7385513902257,A
77.84084762427969,94.82858590054538,0.9147325621760016,29.06874974089192,31.411026862078295,A
21.387317117357043,4.926438478954598,64.27924490849007,72.14417818779437,41.098102746092025,A
11.490686735458178,46.64338511320009,61.23996838241111,40.62262636212418,54.601164976561456,C
96.56256331969891,1.019212824332827,56.67428091605077,84.17689146083475,75.87880732082702,B
39.67199449129808,89.49418406092433,13.221008926010558,64.30021121015037,53.52019778837133,C
21.316912634607277,62.53471314574745,55.31711770561441,58.74623473201454,28.034287432334224,C
51.51331725402164,53.013033473039414,15.241548380559088,31.866142180974844,55.41823190118072,C
63.234232091432986,46.91616089336089,93.14339847686423,84.42776891476954,20.716006918517817,B
72.56161332415691,15.606937427808699,72.42292159999604,45.45746802438081,11.802480006800586,B
29.14152447299445,36.264629021559124,68.39762031883033,11.176701268952527,42.62224231520976,B
81.08809337994668,9.473309897249882,10.980574266449317,20.106669137434775,69.02615107662247,C
21.34271376594138,14.125809662483313,33.0089534520872,84.62340668276318,83.02743268810869,C
94.58601392496935,1.8307680671600934,8.770214801515353,9.602886103018726,44.01465391976123,C
38.76791539877203,63.268598094012965,53.92267971839041,71.4296974418224,30.262471546761937,B
74.07638847343605,10.670272399103375,46.6815337404411,63.039521242926064,51.146265150239046,A
22.95614545029565,39.373835682861205,67.11953150116081,66.09752484879442,90.89893707601661,C
22.268557665094946,71.78178464695998,47.0192028337026,8.440411970008277,94.12134974413246,B
23.144912369196025,36.69148233660696,14.076382312601755,75.07901745424108,69.27558911587556,A
8.096138089279014,73.05476923775079,47.57725340075301,11.399522981618848,73.75917064954362,C
3.050870590002841,48.65403637937051,78.40368955017884,63.41538964954334,66.12050370719062,B
87.43124630981977,49.35468749058789,8.783291670395544,12.449789758168794,63.81849362307833,B
32.8500185967488,98.2361579810214,37.912496282733954,8.566852442275241,82.51379076920131,B
93.5843624962415,92.47070517373665,58.22336715617996,45.20140397575923,51.82980363120285,C
37.525358219374105,23.69555565331408,96.6682703624004,76.29368472896063,54.16541069925104,A
98.42601779243438,29.982995314574477,24.483132820884368,12.639681473164044,33.83692040090035,C
35.55082309042572,49.67984404909388,31.439962330634973,75.45319240358761,54.12214245145087,B
68.5147661777794,25.051124989314577,63.535303682658416,48.46973021193549,35.043933731875185,C
69.79397175152982,91.3474224347091,13.957655484766152,38.619042630833576,17.233972808076015,C
52.54200474548419,14.845110107147708,42.43389241195109,17.118432578722686,71.93120635367436,C
32.05715460113561,5.980923787944469,26.71569775770566,30.850833443763392,73.40108731735508,B
89.33520130233856,97.53808297509595,46.844707809925055,27.6681683209717,80.282897614276,C
36.87822867035899,16.176352179810717,46.18216195301746,72.97964471235024,81.64454885611431,C
35.91618046187565,77.38268940540009,33.67058498840259,64.96939039965044,27.034794095984815,B
58.15338582843291,19.956951964379343,42.99889928444022,32.79650499493487,53.38623762056144,B
14.07038063933138,85.18772279657517,57.861950482297516,36.827519713146096,79.19557700489402,B
92.422958759214,48.579575361809724,57.0600621789775,99.7180920825785,44.00428036047942,C
39.77416194711761,52.69546129918764,73.05643732625786,34.74512617969745,14.420987835480336,A
61.80019769697935,94.47874765158697,93.59236471206994,32.14226651595069,91.58071461042938,A
73.77796950272092,99.11278436098641,65.39449620264804,19.172191748191413,10.66650041953957,A
45.86043278399698,38.37680950877919,15.514659995626513,39.04780776326777,59.1089642081435,A
57.50317065540691,54.8906072804713,30.058250394180163,95.7962739392506,97.99927943288161,C
47.89999887544997,19.123823504947467,14.588769937606116,3.4068647514597816,82.99787654943755,A
44.415988514860594,92.44695117448569,52.36597804045625,61.78768500884397,21.535325606267676,B
85.90057563350548,57.48777645999238,49.83678353961849,69.31610891335318,65.39122754976219,B
62.05849645609914,52.42823897396705,19.866412328906325,82.7057876148759,38.04609475497178,B
7.210344339457375,43.18413494049055,47.409819021330954,39.518404146553635,23.307690348876452,A
86.04182091250442,65.18328368545964,20.102193631754627,9.27647034206317,59.33521046377831,B
40.336060446514246,43.174188916957455,44.12302677576341,91.82235805624634,16.888862807612682,B
55.00855121477808,50.27784309583851,76.37493442742024,69.42859146201451,10.887531242525617,B
82.33490577026168,21.305239960808542,31.280861607723974,37.3948445874829,64.450606638619,B
79.15512996490953,29.807625309946495,24.601814061479054,24.33086929209639,67.80257228905214,B
60.57480357788185,9.966401882040865,29.486025389199533,83.95331947139681,69.01491635830637,C
28.72207394188323,17.99514213188432,89.17436574931273,8.652094599974713,97.39484405578796,A
96.71184445079936,24.466865476100953,43.69884663314147,61.42743738682943,58.781781306932636,C
9.204510720835568,13.192301974596731,53.90965869066695,90.63159575983047,60.520266272269716,C
66.31529077863564,36.94124134654708,27.308947645613003,26.68349412611247,33.87489919871539,B
51.85930536231498,66.23026037820003,7.697551028337923,62.76015357816335,93.47542476102181,A
29.283103413821564,6.3538151678415815,20.428262218128722,88.82317425992285,49.94363803126911,A
69.11781132710323,33.562210844925744,0.634282213793258,17.034510702761374,0.5979375244589025,C
64.93428517378838,24.486612672976836,28.999750899104715,93.1207977757365,52.60885549576285,A
36.756647191663525,11.544592764448725,66.92776971507537,35.0579050476861,18.423391218247975,A
22.081457660899183,42.60212032030787,3.048494449335082,72.81477249237417,96.13645417307227,A
37.018688013268374,58.85627278114468,89.75116110648723,47.10727998830399,79.40562899617635,A
80.14586695954657,46.82121628309927,11.673421622137036,23.45149500365231,21.601430183627713,A
21.914945588067724,92.39776830114573,79.4727242708058,16.210570965994698,67.95994106525777,B
46.16592026305635,38.71403260135645,27.516953331214633,93.12600145602636,21.49870878422455,C
69.32427987347086,51.49612504302583,51.364961958210074,27.713640513490912,90.70289375901064,A
25.923540289319646,25.51967529261835,18.534559114032778,88.5294705350493,18.982966001025183,C
12.5768719288067,37.39909602794263,9.720740379620752,31.04852186385285,23.268025533556003,C
78.02729218638676,2.1456224452686135,2.726972541844408,54.47443647492256,97.71965265978368,C
92.01096781579287,68.06834500433627,69.80364437496274,87.4465908811328,23.956250921445623,A
65.12053492176177,57.78559132402884,99.65234631860574,84.07069941184756,34.337736789138084,A
7.495294652276074,34.402385836079965,40.077341720957094,84.01955840967359,49.354727031715974,A
18.644920450401912,40.44077535134163,90.26690581038035,37.28986806356862,29.659426873660177,B
29.329759240670672,14.558418464253231,43.84856903774035,63.17318290036209,71.1185130329968,C
64.0595163600478,5.888728559213496,83.6185663537146,4.9247581797910005,33.32036728775888,A
29.67680644491235,13.547709009178488,52.113401765991554,55.183321848924095,51.009589346195106,A
12.799392140246901,52.681751908980026,16.148618905356894,36.020861020006045,64.46447643776436,C
48.36342201424421,55.931666488543286,35.243910622225904,97.39652592637955,15.47895834513372,B
44.84593009098388,86.5651957494485,68.7648120044483,72.1120598860387,33.52046479464958,A
87.33870627723441,51.41563112267713,26.258651936083023,60.31256761594116,2.312503869656646,A
99.60483675150691,43.92085489489976,18.52814570855378,0.7482370459661492,17.320201218510654,C
19.380774379964194,74.38295662523625,39.14766818639072,14.901336346815096,35.827712076046424,C
26.70273816700288,73.60956451699221,12.523108416844275,26.251801923193664,42.65851837630677,C
21.32778060168131,33.29062894055729,79.89418833701224,35.94845393404391,35.08126919877576,B
41.29933273107913,73.20167332452579,94.46757107116616,23.789754081712122,4.935527447867772,B
12.101056778461883,43.956656045249886,36.67804394888875,40.471187440531395,2.714501497444166,A
51.24656684660571,41.803359456947135,63.304897598821086,41.001417575843845,51.834602025471725,A
32.156420611113475,39.46584302856806,19.781370482472028,65.07131855811039,5.6877618154463905,B
99.50733545562821,70.39998367674593,53.67383415125391,77.14941799168784,13.446080008593208,C
45.536343529399105,16.892364428510152,74.42059874746444,98.39981837108674,6.734020949988828,C
49.840637252310884,70.09368175812199,60.62553594272473,75.40460033120671,89.18188952529044,B
99.58326564433091,56.65529893718811,94.89911421345269,92.8732694381904,3.0327299947906727,A
36.211186281987594,55.07290994175644,76.96335725970171,95.52551632963868,51.90177011931018,C
22.90036671926923,28.102786736036844,91.20930632251707,87.99850697647426,7.170084418977307,B
17.07797513756989,83.14941605830779,26.288075122272648,85.88759402521214,9.585742889878436,C
85.73379858080192,23.80607109845656,45.21964210209541,28.909042227396842,89.53272895196996,B
19.43267734428381,53.13172460436686,12.069637365698792,71.80627125049874,18.565942804934178,A
50.26271457454913,0.3546261407953555,82.6888704256195,90.49420612253502,32.43041837726325,A
54.67052574148189,34.052863414622166,74.79208117011711,66.64891265692165,80.95119388310995,A
57.58654314167535,44.471464925193,87.4645433515737,63.323461838043514,84.67724060557302,A
35.54762774926316,9.170446836241563,55.80696329136058,58.804452127985186,72.7183361918664,C
61.146361701155925,67.70718989315205,44.91598179263418,9.707137930068132,69.99383640453814,A
30.913209644583784,54.61619067462789,88.29375221588009,19.749426169156536,70.27671059536875,A
95.26094941475557,71.78153011814081,27.95105352749918,43.58236127145898,36.29086341712924,B
18.72747540477391,73.61512944674962,68.2300913201686,49.34896676005245,39.75002996748738,C
15.479020804565858,31.224752988652725,78.70196592178308,37.597742743568496,57.804559884178786,C
49.10074905722618,84.12920492946111,82.90958893209995,94.53758162684551,23.739190155299227,B
18.872288709370665,7.387915920176214,17.76300322219274,32.67791323623223,77.91179727381622,B
94.85601022729813,80.32271288145013,90.49540479701201,18.475942886947937,96.34021823880879,B
21.96141119149564,60.52345395039457,7.77763632615277,39.805234020153044,58.055325246638866,A
2.309014640678264,74.44917012823528,43.2425279783421,44.95662488595471,97.93635520667235,A
5.498878694228515,25.969548564645994,30.064262399524665,73.75867376424618,96.05517647845862,C
51.472554080540924,95.6105184765611,82.43688354096575,75.05142896322059,97.51983292943959,A
47.15884902856607,29.73861065035259,92.35745105717767,27.116697614375852,22.022937172872727,B
26.9683502808695,5.278402577996277,65.26794431925259,0.3968057498708766,38.400138661076745,C
84.56397074948309,13.450288243940667,69.2544943139487,93.36164722447423,58.63194338270282,B
20.471596612934896,60.66151199570986,76.77743239875265,84.43778223679301,33.237756279699404,C
22.367426422647206,68.88861324826526,69.49767100763042,30.18434373081661,76.48783171713063,B
16.75154362463134,73.33005653361334,46.37940793733794,42.033758027104305,40.0634846156358,A
29.59783706978061,45.87076213305094,56.12403813639999,46.4301743097706,2.951073862150355,A
1.5509397837246142,59.29518591599985,14.854790537872331,87.32885719916827,4.675474961161985,A
61.446432089501826,19.347394453849365,99.80673146026223,56.167817480798156,22.859087517091936,C
88.71853657262389,6.944741271672116,94.58449996705117,83.54343054825874,81.08380740618348,C
82.36819468580224,45.62476212365974,83.80915879023277,24.885162557504525,35.52554602165186,C
74.42081850585926,49.93172785610833,30.13222731143552,64.71840263391583,71.92743757908848,A
47.28797829985831,36.883720753084944,5.630184073590938,27.53378455385359,94.48128872196645,A
23.174389674622052,50.84928624814192,52.774421470957456,9.976647462783916,45.503178109216925,B
49.1709976826334,9.438648691857576,72.73355180051341,9.024162635081357,45.225028874415806,C
26.74623317364324,44.521509268740765,79.45511005367212,80.83759757717914,32.12541353862949,C
6.083916410012547,43.92353249462093,1.1831537231873024,86.36359288926481,67.84075062457127,A
92.12156243981639,12.206675019487944,3.581314846793926,52.2714178757712,36.5952284283943,B
82.42370408426346,46.582809778079806,70.15546613292591,33.115206850931635,23.06197442131095,A
55.86111180320259,59.25048384652154,73.17152855755666,55.34318828474988,56.981802663902414,B
28.34335270576621,29.795634473469768,47.87546220632035,47.612172226947536,22.48853383519017,B
76.54821149372314,17.61672734745945,97.68159843700927,69.12629846589253,19.510900845212188,B
94.70961623777539,30.114734706012126,10.403073222997483,4.03318150902392,63.408875902516435,B
84.67053399849324,75.38560936773061,31.839464677063834,86.36256333884464,28.92848625255381,A
86.19734019207317,0.4045883047143817,99.81151567441702,4.3050423688124955,44.3158028539944,C
62.68753335467261,64.07935424211905,99.05429982589044,15.799383799770862,67.81083324635979,A
32.87426261540616,51.617153025804456,36.18504880561403,57.828897288557066,26.212362743058094,B
76.91348018161112,81.1996756039303,37.6150449003694,43.601244623002685,70.55327071750708,C
20.583376110969155,51.401325161832,20.762091923860925,13.007430169641099,80.69077592844337,C
86.23520707368074,82.24566649026185,9.121952515582855,6.807431607415304,11.723500134424869,A
75.59249004324997,53.58842614460861,76.08817776947683,55.86123107224837,33.198755790597154,B
80.48944198127417,1.1601416593485903,21.46414183476861,90.80304440632389,35.99254194695551,A
9.26165469659942,92.66243004901098,93.72620970032717,4.296636367181195,19.047497964548466,B
54.26447954339846,51.86619498002602,58.84747948655588,91.94249204528111,37.80452618276694,B
16.461298605623377,40.118588249344796,58.12388901588131,19.323022819685796,62.942672515795415,C
86.11998471796218,67.18113841600727,16.012757490419517,48.48941806446112,95.66974842175368,C
32.165398141870426,72.94359991949236,48.77171232978693,0.665322340128649,20.165805218221077,A
53.24189256871921,63.37817692364297,87.20117439446472,46.714052220229206,71.51669404057421,B
60.21019403934802,30.300296634891588,64.82395835314261,29.606432463971966,60.611092769984566,C
45.34755009402246,59.34948252109999,46.970585137234664,90.2250928697307,55.076427913898264,B
67.16059823161245,83.0881758628399,1.8790316898510073,7.8156375856407,56.229141043075636,C
79.99290008569662,70.88480835799538,50.22053935630626,56.16963278272191,73.24397694613431,B
0.52508484709054,95.02159195811033,83.430398862677,20.679253187570424,41.49739900994213,A
13.495872673583998,86.62527008284603,88.07945036763887,98.30678404923555,68.96754078556901,B
65.33868238934967,80.23615000021806,68.13600800667298,50.51313120210591,78.32958390858778,C
93.36765282906168,50.35088167868551,36.68700762509356,58.79498327387228,42.909070379472844,A
8.269928570793073,23.795620841401078,52.17895921255258,18.786481816926916,74.93362604484007,A
52.83412725974041,95.02178449594429,10.546435771041118,73.67411226911813,27.23083415814275,C
76.27207903171583,39.149159966591995,70.13095380263275,90.16116762025146,60.0605922325874,B
27.540887820214564,11.777759565709855,61.17944977687575,73.9115682840224,52.36651680743575,C
90.68763630415565,28.95984791657755,63.012571950038065,4.7854559878932275,60.09980784273442,C
56.082733758245325,1.3631712129418716,86.76390426460624,77.08647617204294,92.74983610771211,C
33.912283893596296,72.3534443809567,58.855015477604326,18.55064786774302,35.3178929560864,A
82.60329929913281,53.66741586251541,32.52828378339384,69.95201337523686,32.868976658442115,A
33.069389060233966,84.9842641863394,53.91666133994782,77.75828686819625,91.15911069353868,A
18.96583142823839,70.93415544374308,4.930931164185126,1.8194292494560171,77.30314208929765,B
94.43104106998679,72.99236445591801,82.10897254453397,14.356005572951702,88.26299341158355,C
89.81223738395194,73.7854952174081,24.83312118004781,99.531697998037,57.83472667687511,B
89.86424029092007,73.28270037929032,98.32634424397374,87.01949464379717,91.07656112018957,C
66.7380762434926,82.00627506853921,7.730556819106738,93.97031722369174,28.969424972801107,C
97.12657400185306,5.87445548612563,15.747651478579783,87.44052442327481,50.02914971179098,C
18.68040217202789,30.72354031342366,9.868520669965974,86.60834585213316,69.8855128485647,A
83.56887625139223,68.34139112586483,27.853953033932033,80.31670489294014,55.63021802294219,A
97.4482447196933,53.37331387793463,4.374650616656172,74.62148182940686,10.286684709550087,A
